{
  "Quiz": {
	"name" : "Maths Quiz",
	"numberOfQuestions" : 40,
	"passMark" : 30,
	"attemptCount" : 2,
	"totalMinutesAllowed" : 60,
    "questions": [
      {
		"questionId" : "MATH.Q001.01",	
		"questionText": "what is the sum 5 + 2",
        "questionType": "dropDown",
        "imgUrl": "http://google.com/image",
        "multipleChoice": true,
		"correctAnswer" : "MATH.Q001.01.A004.01",
        "options": [
          {
			"optionId" : "MATH.Q001.01.A001.01",			
            "answerText": "4",
            "explanation": "this is an example for wrong explanation"
          },
          {
			"optionId" : "MATH.Q001.01.A002.01",	
            "answerText": "5",
            "explanation": "this is an example for wrong explanation"
          },
          {
			  "optionId" : "MATH.Q001.01.A003.01",	
            "answerText": "0",
            "explanation": "this is an example for wrong explanation"
          },
          {
			  "optionId" : "MATH.Q001.01.A004.01",	
            "answerText": "7",
            "explanation": "Five plus two is always seven!"
          }
        ]
      },
	  {
		"questionId" : "MATH.Q002.01",	
		"questionText": "what is the sum 5 + 3",
        "questionType": "dropDown",
        "imgUrl": "http://google.com/image",
        "multipleChoice": true,
		"correctAnswer" : "MATH.Q002.01.A001.01",
        "options": [
          {
			"optionId" : "MATH.Q002.01.A001.01",			
            "answerText": "8",
            "explanation": "this is an example for wrong explanation"
          },
          {
			"optionId" : "MATH.Q002.01.A002.01",	
            "answerText": "5",
            "explanation": "this is an example for wrong explanation"
          },
          {
			  "optionId" : "MATH.Q002.01.A003.01",	
            "answerText": "0",
            "explanation": "this is an example for wrong explanation"
          },
          {
			  "optionId" : "MATH.Q002.01.A004.01",	
            "answerText": "7",
            "explanation": "Five plus two is always seven!"
          }
        ]
      }
    ]
  }
}